<?xml version = '1.0' encoding = 'UTF-8'?>
<Faults>
   <Fault>
      <severity>error</severity>
      <loc/>
      <line>72</line>
      <col/>
      <file>BPELProcessQueue.bpel</file>
      <msg>
         <![CDATA[There is not an activity (receive/pick) to start the process]]>
      </msg>
   </Fault>
   <Fault>
      <severity>error</severity>
      <loc/>
      <line>72</line>
      <col/>
      <file>BPELProcessQueue.bpel</file>
      <msg>
         <![CDATA[Initial activity is invalid. An initial activity must be of a receive or pick activity.]]>
      </msg>
   </Fault>
   <Fault>
      <severity>error</severity>
      <loc/>
      <line/>
      <col/>
      <file>BPELProcessQueue.bpel</file>
      <msg>
         <![CDATA[there is no receive activity that starts the process]]>
      </msg>
   </Fault>
</Faults>
