<?xml version="1.0" encoding="UTF-8" ?>
<!-- Generated by Oracle SOA Modeler version 1.0 at [10/25/11 6:23 PM]. -->
<composite name="ProcessQueue"
           revision="1.0"
           label="2011-10-25_18-23-45_531"
           mode="active"
           state="on"
           xmlns="http://xmlns.oracle.com/sca/1.0"
           xmlns:xs="http://www.w3.org/2001/XMLSchema"
           xmlns:wsp="http://schemas.xmlsoap.org/ws/2004/09/policy"
           xmlns:orawsp="http://schemas.oracle.com/ws/2006/01/policy"
           xmlns:ui="http://xmlns.oracle.com/soa/designer/">
  <import namespace="http://xmlns.oracle.com/pcbpel/adapter/aq/CompositeForQueueAdapter/ProcessQueue/ConsumerAQ"
          location="ConsumerAQ.wsdl" importType="wsdl"/>
  <service name="ConsumerAQ" ui:wsdlLocation="ConsumerAQ.wsdl">
    <interface.wsdl interface="http://xmlns.oracle.com/pcbpel/adapter/aq/CompositeForQueueAdapter/ProcessQueue/ConsumerAQ#wsdl.interface(Dequeue_ptt)"/>
    <binding.jca config="ConsumerAQ_aq.jca"/>
  </service>
  <component name="BPELProcessQueue" version="1.1">
    <implementation.bpel src="BPELProcessQueue.bpel"/>
  </component>
  <wire>
    <source.uri>ConsumerAQ</source.uri>
    <target.uri>BPELProcessQueue/ConsumerAQ</target.uri>
  </wire>
</composite>
