<?xml version="1.0" encoding="UTF-8"?>
<beans xmlns="http://www.springframework.org/schema/beans"
	xmlns:xsi="http://www.w3.org/2001/XMLSchema-instance" xmlns:context="http://www.springframework.org/schema/context"
	xmlns:jee="http://www.springframework.org/schema/jee" xmlns:jaxws="http://cxf.apache.org/jaxws"
	xmlns:tx="http://www.springframework.org/schema/tx" xmlns:p="http://www.springframework.org/schema/p"
	xmlns:jaxrs="http://cxf.apache.org/jaxrs"
	xsi:schemaLocation="  
            http://www.springframework.org/schema/beans   
            http://www.springframework.org/schema/beans/spring-beans-2.5.xsd  
            http://www.springframework.org/schema/context   
            http://www.springframework.org/schema/context/spring-context-2.5.xsd  
            http://www.springframework.org/schema/tx   
            http://www.springframework.org/schema/tx/spring-tx-2.5.xsd  
            http://cxf.apache.org/core  
            http://cxf.apache.org/schemas/core.xsd  
            http://cxf.apache.org/jaxws   
            http://cxf.apache.org/schemas/jaxws.xsd  
            http://cxf.apache.org/jaxrs  
            http://cxf.apache.org/schemas/jaxrs.xsd"
	default-dependency-check="none" default-lazy-init="false">

	<!-- Configuracao do CXF Endpoint -->
	<import resource="cxf-beans.xml" />

	<!-- Bean abstrato para evitar repetição de código -->
	<bean id="baseSessionFactory" abstract="true">
		<property name="sessionFactory" ref="sessionFactory" />
	</bean>

	<!-- Implementacao da interface ClienteDAO -->
	<bean id="clubesDao" class="com.lucianosilva.lab.dao.ClubesDao"
		parent="baseSessionFactory" />

	<bean id="dataSource" class="org.springframework.jndi.JndiObjectFactoryBean">
		<property name="jndiName">
			<value>java:/Laboratorio</value>
		</property>
	</bean>

	<!-- Configuracoes de uma fabrica de sessões -->
	<bean id="sessionFactory"
		class="org.springframework.orm.hibernate3.annotation.AnnotationSessionFactoryBean">
		<property name="dataSource">
			<ref local="dataSource" />
		</property>
		<property name="annotatedClasses">
			<list>
				<value>com.lucianosilva.lab.entity.Clube
				</value>
			</list>
		</property>
		<property name="hibernateProperties">
			<props>
				<prop key="hibernate.dialect">
					org.hibernate.dialect.MySQLInnoDBDialect
				</prop>
				<prop key="hibernate.show_sql">true</prop>
				<prop key="hibernate.format_sql">false</prop>
			</props>
		</property>
	</bean>
	<bean id="transactionManager"
		class="org.springframework.orm.hibernate3.HibernateTransactionManager">
		<property name="sessionFactory">
			<ref local="sessionFactory" />
		</property>
	</bean>
	<tx:annotation-driven transaction-manager="transactionManager" />
</beans>