<beans xmlns="http://www.springframework.org/schema/beans"
	xmlns:xsi="http://www.w3.org/2001/XMLSchema-instance"
	xmlns:jaxws="http://cxf.apache.org/jaxws"
	xsi:schemaLocation="
http://www.springframework.org/schema/beans http://www.springframework.org/schema/beans/spring-beans.xsd
http://cxf.apache.org/jaxws http://cxf.apache.org/schemas/jaxws.xsd">

	<!-- Configurações do Apache CXF -->
	<import resource="classpath:META-INF/cxf/cxf.xml" />
	<import resource="classpath:META-INF/cxf/cxf-extension-soap.xml" />
	<import resource="classpath:META-INF/cxf/cxf-servlet.xml" />

	<!-- Configurações do endpoint WSDL -->
	<jaxws:endpoint id="clubeService" depends-on="clubeServiceImpl"
		implementor="#clubeServiceImpl" address="/ClubeService">
	</jaxws:endpoint>

	<!-- Bean que implementa o endpoint do nosso webservice -->
	<bean id="clubeServiceImpl" class="com.lucianosilva.lab.webservices.impl.ClubeServiceImpl">
		<property name="clubesDao" ref="clubesDao" />
	</bean>


</beans>